{
  "model": "tau dx/dt = (-I + A)x + xi",
  "criticality_coordinate": "alpha_eff = max Re eig(A); stable iff alpha_eff < 1",
  "etas": [
    1.0,
    0.75,
    0.5,
    0.25,
    0.0
  ],
  "alphas": [
    0.9,
    0.95,
    0.98,
    0.99,
    0.995,
    0.998
  ],
  "nu": [
    [
      0.5195709818302765,
      0.6237312163492683,
      0.6641534187753878,
      0.7004118580134424,
      0.7241901447718755,
      0.7251393003797262
    ],
    [
      0.5814595638025104,
      0.6971255476621516,
      0.7950355649822283,
      0.8207398512531532,
      0.8539303890569057,
      0.857377653058996
    ],
    [
      0.6844272565006762,
      0.8167392831878438,
      0.9274979920745202,
      0.9627114290838426,
      0.9705369482648554,
      0.9559430957055647
    ],
    [
      0.7607392002072197,
      0.8604511452701968,
      1.0654353599032769,
      1.1009520179770256,
      1.0478710474366726,
      1.1115581507092882
    ],
    [
      0.8609191987244749,
      1.021980611439796,
      1.1353229978026698,
      1.1589548651384438,
      1.2264929415019803,
      1.2411827244182192
    ]
  ],
  "nu_std": [
    [
      0.011936502113161673,
      0.010371500043660978,
      0.020852352614089718,
      0.016880741911803696,
      0.02180489452701909,
      0.03366693532019597
    ],
    [
      0.01685678927487809,
      0.02864341197002573,
      0.03709515633472859,
      0.036481148736674414,
      0.03849135930172648,
      0.040903740308327635
    ],
    [
      0.029911747751926236,
      0.05795340230298341,
      0.05296519433065826,
      0.06218680391153508,
      0.03480338432385454,
      0.03885112665814603
    ],
    [
      0.034146216155095624,
      0.023912198248917355,
      0.060442547624483145,
      0.05443623696922411,
      0.06574771705998596,
      0.0853733922123624
    ],
    [
      0.036881745842047585,
      0.08596484050975385,
      0.09561597644737463,
      0.07523224998547325,
      0.10366186640775643,
      0.11139024439740401
    ]
  ],
  "mean_spectral_radius": [
    [
      0.9056327404875697,
      0.9616990143701414,
      0.9828861803002367,
      0.9933748881069394,
      0.9978086649345888,
      1.0025825796312955
    ],
    [
      0.9043162405431635,
      0.9591266323410526,
      0.9886198168264066,
      0.9900219236531858,
      1.0030698359042654,
      1.0084957959788539
    ],
    [
      0.907834253665279,
      0.9670056900741768,
      0.9888175200830089,
      1.0028742826591,
      0.9996082653388542,
      1.0030936645116868
    ],
    [
      0.9066672783105044,
      0.951486975161307,
      0.9969799800133918,
      1.0080196006461986,
      1.0007910221798502,
      1.0103388046158674
    ],
    [
      0.9269819514844768,
      0.9743030516935556,
      1.0160276463889248,
      1.0226070638824023,
      1.0233080961250256,
      1.0245895263096747
    ]
  ],
  "N": 600,
  "navg": 8,
  "rank_min": 10,
  "rank_max": 300
}